{
  "microsim": {
    "dublinCore": {
      "title": "Bouncing Ball",
      "creator": ["Dan McCreary", "Claude Code"],
      "subject": ["Physics", "Kinematics", "Motion"],
      "description": "Interactive simulation demonstrating basic physics concepts of motion, velocity, and collision detection with a bouncing ball",
      "date": "2024-01-01T00:00:00Z",
      "type": "Interactive Simulation",
      "format": "text/javascript",
      "language": "en",
      "rights": "CC BY-NC-SA 4.0 DEED"
    },
    "search": {
      "tags": ["bouncing", "ball", "motion", "velocity", "collision", "physics"],
      "visualizationType": ["animation", "simulation"]
    },
    "educational": {
      "gradeLevel": ["5", "6", "7", "8", "9", "10", "11", "12"],
      "subjectArea": ["Physics", "Science"],
      "topic": ["Kinematics", "Motion", "Velocity", "Collision Detection"],
      "learningObjectives": [
        "Understand how to use a horizontal slider to control the speed of animation",
        "Observe effects of speed changes on motion",
        "Recognize collision detection and direction reversal"
      ]
    },
    "technical": {
      "framework": "p5.js"
    },
    "userInterface": {
      "controls": [
        {
          "id": "speedSlider",
          "type": "slider",
          "label": "Speed"
        }
      ]
    }
  }
}
